Two Wheeler Insurance,Long Term Two Wheeler Insurance,Two Wheeler Third Party Insurance
2,Long Term Insurance,Third
two,up to 3 years,ThirdParty
Bike Insurance Online,Avail long term two wheeler insurance policy,thirdpartyliability
Two wheeler insurance policy,Coverage For 3 Years,liability
Buy 2 wheeler insurance now,Once in Two or Three years,garage
garage,Two or Three years,transport
transport,garage,Accident
pillon rider,transport,injury
Engine Protection,Accident,damage
Accident,NCB,harm
NCB Protect,lifelong,roads
injury,growing,
damage,injury,
harm,damage,
,harm,
,roads,
