Individual Health Insurance,Family Health Insurance,Health Infinity Plan,Arogya Sanjeevani Policy,Corona Kavach Policy,Top Up Health Insurance,Criti Care Policy,Critical Illness Insurance,Global Personal Guard,Senior Citizen Health Insurance,M-Care,Saral Suraksha Bima
individual,family,unlimited,hospitalization,corona,Extra,criticarepolicy,Critical,global,senior,M-Care,Saral Suraksha Bima
Platinum Plan,parents,uncountable,arogya,covid,ECare,criticare,extended,personal,citizens,mosquito born diseases,Individual
sky-high medical,in-laws,immeresurable,sanajeevani,covid-19,Care,critical,criticaltimes,guard,seniorcitizens,Zika virus,death
cashless treatment,siblings,limitless,arogyasanjeevani,covid19,Extracare,illness,10criticalillness,security,later,West Nile virus,accident
personal,Extendedfamily,illimitable,extensive,2020,pluspolicy,criticalillness,multiplesuminsured,shield,lateryears,Chikungunya virus,medicalinsurance
alone,immediatefamilycover,boundless,lifetime,pandemic,extracarepluspolicy,criticareinsurance,multiple sum,accidents,pre-existing,malaria,hospitalization
single,platinumplan,immense,standard,epidemic,addon,multiyear,100payout,all over world,highentryage,electric,cumulative Bonus
parents,long term,vase,resonable,disease,addonhealth,cancercare,payout,long term,ambulance,fly repellent sprays,annual
in-laws,longtermpolicy,extensive,premiums,latest,addonhealthplan,1year,critical illness cover,longterm,oldage,airborne vectors,policy
siblings,customisedplans,incaluclable,standardhealth,new,addonplan,2year,flexible,family,old,hazard,Base coverage
9,customisedfamilyplans,everlasting,annual,trending,topup,3year,family,cumulativebonus,parents,bite,Sum insured
09 Plans,customised,inexhaustable,annualpolicy,newplans,top up,43criticalillness,tax saving,accidental,declining years,financial immunity,expenses
health prime rider,youandyourfamily,measureless,lifetimerenewal,kavach,topupplan,mental stress,,death,aged,waiting period,education grant
health insurance,yourfamily,neverending,medical,shield,topuppolicy,mentalstress,,injury,retired,conscientiousness,disablement
guard,familyhealth,nolimit,arogyasanjeevanipolicy,guard,preexesting disease,emotional trauma,,upto25crore,elderly,heed,disease
1 crore,familyhealthinsurance,no limit,,outbreak,upto80years,emotionaltrauma,,25,seniorcitizenshealth,meticulosity,illness
individualhealth,,longterm,,sars,extracoverage,multiyearpolicy,,crore,cumulative,considerate,natural
individualhealthinsurance,,lifelong,,sars-covid,topuphealth,sumassured,,coma,co-payment,pharmacy,
,,healthinfinity,,sars-cov,,,,fracture,,therapeutic,
,,infinityplan,,sars-cov-2,,,,children education,,curative,
,,,,virus,,,,,,narcotic,
,,,,coronavirus,,,,,,,
,,,,onlyforcovid,,,,,,,
,,,,fewmonths,,,,,,,
,,,,months,,,,,,,
,,,,3months,,,,,,,
,,,,6months,,,,,,,
,,,,9months,,,,,,,
,,,,15days,,,,,,,
,,,,coronakavachpolicy,,,,,,,
