Car Insurance,Third Party Car Insurance,Commercial Vehicle Third Party Insurance
15 lakh PA cover,Third,death
6000+ Cashless Garages,ThirdParty,accident
Car Insurance Online,thirdpartyliability,harm
Avail Four Wheeler Insurance,liability,damage
4,accidentaldeaths,roads
four,thirdpartyinjuries,Cab aggregator services
auto,coverforthirdppartyinjuries,commercial
taxi,death,Vehicle
hyundai,accident,legal troubles
honda,harm,Act only cover
tata,damage,business
Mahindra,roads,money
toyota,protect,profit
volkswagen,risk and hassle free,loss
Daimler,basic,Entrepeneur
ford,statutary,
ford motors,garage,
Fiat,Roadside Assistance,
Cheverolet,Deductibles,
Renault,,
BMW,,
Mercedez,,
Mercedez Benz,,
Nissan,,
death,,
accident,,
harm,,
damage,,
theft,,
cashless services,,
Tailored Add-ons,,
On-The-Spot Settlement,,
comprehensive,,
standalone,,
roads,,
