Motor Insurance,Health Insurance,Travel Insurance,Home Insurance,Commercial Insurance,Other
Car Insurance,Family Health Insurance,Individual Travel Insurance,My Home Insurance,Property Insurance,Individual Cyber Insurance
Two Wheeler Insurance,Health Infinity Plan,Family Travel Insurance,Householders Policy,Marine Insurance,Extended Warranty Insurance
Long Term Two Wheeler Insurance,Arogya Sanjeevani Policy,Student Travel Insurance,,Liability Insurance,Health Insurance for Coronavirus
Third Party Car Insurance,Corona Kavach Policy,Travel Ace Plan�,,Financial Lines Insurance,Contactless Insurance
Two Wheeler Third Party Insurance,Top Up Health Insurance,Domestic Travel Insurance,,Engineering Insurance,Pet Dog Insurance
Commercial Vehicle Third Party Insurance,Criti Care Policy�,Asia Travel Insurance,,Group Mediclaim Policy,
,Critical Illness Insurance,Senior Citizen Travel Insurance,,,
,Global Personal Guard,Corporate Travel Insurance,,,
,Senior Citizen Health Insurance,,,,
,M-Care,,,,
,Saral Suraksha Bima,,,,
