Insurance Name,Website
Car Insurance,https://www.bajajallianz.com/motor-insurance/car-insurance-online.html
Two Wheeler Insurance,https://www.bajajallianz.com/motor-insurance/two-wheeler-insurance-online.html
Long Term Two Wheeler Insurance,https://www.bajajallianz.com/motor-insurance/long-term-two-wheeler-insurance.html
Third Party Car Insurance,https://www.bajajallianz.com/motor-insurance/third-party-car-insurance-online.html
Two Wheeler Third Party Insurance,https://www.bajajallianz.com/motor-insurance/two-wheeler-insurance-third-party.html
Commercial Vehicle Third Party Insurance,https://www.bajajallianz.com/motor-insurance/commercial-vehicle-insurance.html
Individual Health Insurance,https://www.bajajallianz.com/health-insurance-plans/individual-health-insurance-plans.html
Family Health Insurance,https://www.bajajallianz.com/health-insurance-plans/family-health-insurance-india.html
Health Infinity Plan,https://www.bajajallianz.com/health-insurance-plans/health-insurance-infinity-plan.html
Arogya Sanjeevani Policy,https://www.bajajallianz.com/health-insurance-plans/arogya-sanjeevani-standard-health-insurance-policy.html
Corona Kavach Policy,https://www.bajajallianz.com/health-insurance-plans/corona-kavach-policy.html
Top Up Health Insurance,https://www.bajajallianz.com/health-insurance-plans/top-up-health-insurance.html
Criti Care Policy�,https://www.bajajallianz.com/health-insurance-plans/criti-care.html
Critical Illness Insurance,https://www.bajajallianz.com/health-insurance-plans/critical-Illness-insurance.html
Global Personal Guard,https://www.bajajallianz.com/health-insurance-plans/individual-international-accident-insurance.html
Senior Citizen Health Insurance,https://www.bajajallianz.com/health-insurance-plans/health-insurance-for-senior-citizens.html
M-Care,https://www.bajajallianz.com/health-insurance-plans/m-care-health-insurance-policy.html
Saral Suraksha Bima,https://www.bajajallianz.com/health-insurance-plans/saral-suraksha-bima-policy.html
Individual Travel Insurance,https://www.bajajallianz.com/travel-insurance-online/individual-travel-insurance.html
Family Travel Insurance,https://www.bajajallianz.com/travel-insurance-online/family-travel-insurance.html
Student Travel Insurance,https://www.bajajallianz.com/travel-insurance-online/student-travel-insurance.html
Travel Ace Plan�,https://www.bajajallianz.com/travel-insurance-online/travel-ace-plan.html
Domestic Travel Insurance,https://www.bajajallianz.com/travel-insurance-online/bharat-bhraman-domestic-travel-insurance.html
Asia Travel Insurance,https://www.bajajallianz.com/travel-insurance-online/travel-asia-insurance.html
Senior Citizen Travel Insurance,https://www.bajajallianz.com/travel-insurance-online/senior-citizen-travel-insurance.html
Corporate Travel Insurance,https://www.bajajallianz.com/travel-insurance-online/corporate-travel-insurance.html
My Home Insurance,https://www.bajajallianz.com/home-insurance/my-home-insurance.html
Householders Policy,https://www.bajajallianz.com/home-insurance/householder-policy.html
Property Insurance,https://www.bajajallianz.com/commercial-insurance/property-insurance.html
Marine Insurance,https://www.bajajallianz.com/commercial-insurance/marine-insurance.html
Liability Insurance,https://www.bajajallianz.com/commercial-insurance/liability-insurance.html
Financial Lines Insurance,https://www.bajajallianz.com/commercial-insurance/financial-lines-insurance.html
Engineering Insurance,https://www.bajajallianz.com/commercial-insurance/engineering-insurance.html
Group Mediclaim Policy,https://www.bajajallianz.com/commercial-insurance/employee-benefits-insurance.html
Individual Cyber Insurance,https://www.bajajallianz.com/cyber-insurance.html
Extended Warranty Insurance,https://www.bajajallianz.com/extended-warranty-insurance.html
Health Insurance for Coronavirus,https://www.bajajallianz.com/health-insurance-for-coronavirus.html
Contactless Insurance,https://www.bajajallianz.com/contactless-insurance.html
Pet Dog Insurance,https://www.bajajallianz.com/pet-dog-insurance.html
