Travel,2W,4W,Health,BrandKeyterms
travel insurance,bike insurance check online,motor insurance, +allianz +health +Insurance,[bajaj allianz]
overseas travel insurance,bike insurance,online vehicle insurance, +allianz +mediclaim,[iffco tokio general insurance company limited]
visa travel insurance,online two wheeler insurance,online insurance car, +bajaj +allianz +health,[acko general insurance]
schengen visa insurance,two wheeler bike insurance,cheap car insurance, +bajaj +allianz +health +Insurance,[new india assurance]
visa insurance,cheapest bike insurance,online car insurance policy, +bajaj +allianz +mediclaim,[icici lombard general insurance]
travel insurance policy,online insurance bike,car insurance calculator, +bajaj +health +insurance,[go digit general insurance limited]
travel insured international,insurance bike,vehicle insurence, +bajaj +health +policy,[bajaj allianz general insurance]
international travel insurance online,online bike insurance,auto insurance online, +bajaj +medical +insurance,[hdfc ergo general insurance company limited]
buy travel insurance,bike insurance online,[bajaj allianz car insurance], +bajaj +mediclaim,[bajaj insurance]
buy travel insurance online,best bike insurance online,car insurance company in india,"""allianz care""",[the oriental insurance]
[bajaj allianz travel insurance],bike insurance price list,[bajaj allainz car insurance],"""allianz critical illness insurance""",[general insurance]
international travel insurance,new bike insurance,india auto insurance,"""allianz critical illness plan""",[reliance insurance]
buy international travel insurance,insurance two wheeler,insurance for my car,"""allianz family care first""",[bajajallianz]
vacation travel insurance,two wheeler insurance,[bajaj motor policy],"""allianz family floater""",[icici lombard general]
cheap travel insurance,[bajaj allianz two wheeler insurance],car insurance quote,"""allianz family health insurance""",[insurance policy]
travel insurance companies,two wheeler insurance online,car insurance companies in india,"""allianz general health insurance""",[general bajajallianz]
international business travel insurance,two wheeler insurance quotes online,vehicles insurance company,"""allianz health guard plan""",[universal sompo gic]
best travel insurance,[bajaj allianz bike insurance],online vehicle insurance check,"""allianz health insurance calculator""",[online insurance]
[reliance travel insurance],[bike insurance kaise kare online],online car quotes,"""allianz health insurance family floater""",[hdfc ergo general insurance company]
best international travel insurance,insurance of bike,motor insurance online,"""allianz health insurance india""",[national insurance company limited website]
[bajaj travel insurance],"""bajaj allianz 2 wheeler insurance""",vehicle insurance quotes india,"""allianz health insurance online payment""",[digit general insurance limited]
world trip insurance,bike online insurance,best auto insurance india,"""allianz health insurance plan""",[go digit insurance company]
[allianz travel insurance],best bike insurance,four wheeler insurance,"""allianz health insurance plans""",[future generali]
trip cover insurance,2w insurance,insurance for vehicles,"""allianz health insurance policy""",[online insurance policy]
"""bajaj insurance travel""",buy two wheeler policy online,full insurance for car,"""allianz health insurance premium""",[bajaj allianz insurance]
international trip insurance,[bajaj bike insurance],car policy,"""allianz health insurance silver plan""",[bajaj insurance policy]
[tata aig travel insurance],zero dep insurance for bike,car insurance plans in india,"""allianz health Insurance""",[bajaj general insurance]
travel insurance cost,[bajaj two wheeler insurance],used car insurance online,"""allianz health policy""",[www new india assurance company]
travel insurance for a year worldwide,online insurance of bike,[bajaj car insurance],"""allianz mediclaim insurance""",[online insurance quotes]
[bajaj travel health insurance],buy two wheeler insurance,online car insurance,"""allianz mediclaim policy for family""",[bajaj allianz general insurance company limited]
international travel insurance plans,bike bima,auto insurance company,"""allianz mediclaim policy""",[new india insurance company]
"""allianz travel insurance""",buy bike insurance online,buy car insurance india,"""allianz mediclaim""",[bajaj allianz online premium payment]
"""bajaj travel insurance""",bike insurance near me,insurance vehicle check,"""allianz senior citizen health insurance""",[bajaj allianz general insurance company]
travel insurance for schengen,bike insurance compare,car insurance buy,"""allianz silver health plan""",[bajaj general insurance company limited]
"""bajaj allianz travel insurance policy""",vehicle insurance two wheeler,auto insurance policy,"""allianze health insurance""",[bajaj insurance online payment]
worldwide travel insurance cost,"""bajaj insurance bike""",price of car insurance in india,"""bajaj allainz health insurance""",[the oriental insurance company limited]
business travel insurance,buy bike policy online,bumper to bumper car insurance,"""bajaj alliance health insurance""",[oriental insurance company]
world trips travel insurance,"""2 wheeler insurance bajaj""",car insurance price,"""bajaj alliance health""",[insurance companies in india]
[bajaj student travel insurance],[bajaj insurance bike],auto insurance coverages,"""bajaj alliance medical insurance""",[new india insurance renewal]
[travel insurance bajaj allianz],3 year bike insurance price,car insurance calculator india,"""bajaj allianz family care first""",[kotak general insurance]
insure my travel,best two wheeler insurance,car insurance premium calculator,"""bajaj allianz family care""",[bajaj allianz com]
[bajaj international travel insurance],online two vehicle insurance,four wheeler insurance calculator,"""bajaj allianz family floater health""",[insurance company]
[care travel insurance],[bike insurance kaise check kare],best car insurance policy,"""bajaj allianz family floater""",[general insurance bajaj]
"""bajaj allianz travel insurance""",best bike insurance policy,vehicle insurance online check,"""bajaj allianz family health care gold""",[best insurance company in india]
family travel insurance,"""bajaj allianz bike insurance""",india car insurance price,"""bajaj allianz group health insurance""",[hdfc policy]
[religare travel insurance],[2 wheeler insurance bajaj allianz],"""bajaj car insurance""","""bajaj allianz health care""",[insurance company india]
"""bajaj allianz travel medical insurance""",[activa insurance],buy online car insurance policy,"""bajaj allianz health guard gold plan""",[bajaj policy]
"""bajaj allianz travel""",bike insurance calculator,lowest car insurance,"""bajaj allianz health guard individual policy""",[united india insurance co in]
worldwide holiday insurance,insurance companies for bikes,pay vehicle insurance online,"""bajaj allianz health guard individual""",[niva bupa]
[bajaj allianz schengen travel insurance],bike policy online,lowest car insurance online,"""bajaj allianz health guard plan""",[buy insurance online]
"""travel insurance bajaj allianz""",bike policy,car insurance plans,"""bajaj allianz health guard policy""",[aditya birla insurance]
[international travel insurance bajaj allianz],bike insurance buy,vehicle insurance check online,"""bajaj allianz health guard premium calculator""",[insurance quotes online]
[bajaj allianz travel insurance usa],[bike ka insurance kaise check kare],comprehensive car insurance india,"""bajaj allianz health guard premium""",[hdfc general insurance]
[bajaj allianz foreign travel insurance],[hero motocorp bike insurance],[bajaj car insurance policy],"""bajaj allianz health insurance benefits""",[insurance quotation]
[bajaj allianz travel health insurance],[1 year bike insurance price],auto insurance quotes,"""bajaj allianz health insurance buy""",[max bupa]
[bajaj allianz travel insurance online],buy two wheeler insurance online,online vehicle insurance calculator,"""bajaj allianz health insurance calculator""",[new india assurance company]
"""travel insurance bajaj""",online two wheeler insurance policy,[bajaj allianz car insurance review],"""bajaj allianz health insurance cashless""",[buy insurance policy online]
baggage cover,cheap bike insurance online,buy car insurance policy,"""bajaj allianz health insurance company""",[bajaj allianz insurance payment]
[bajaj allianz student insurance],[bike ka insurance kaise kare],"""bajaj allianz vehicle insurance""","""bajaj allianz health insurance for diabetics""",[www future general insurance]
[bajaj allianz travel insurance policy],old bike insurance,motor insurance policy,"""bajaj allianz health insurance for senior citizens""",[ms chola insurance]
[bajaj allianz travel insurance for schengen visa],[bajaj allianz 2 wheeler insurance],[bajaj motor insurance],"""bajaj allianz health insurance online payment""",[bajaj allianz general insurance com]
[bajaj allianz overseas travel insurance],insurance policy for bike online,vehicle insurance online,"""bajaj allianz health insurance plans""",[buy insurance]
[bajaj allianze travel insurance],[royal enfield insurance],car policy check,"""bajaj allianz health insurance policy""",[bajaj allianz online]
[bajaj allianz travel policy],[bajaj allianz motorcycle insurance],"""bajaj allianz car insurance""","""bajaj allianz health insurance premium calculator""",[www sbigenral in]
[bajaj travel insurance online],[honda activa insurance cost],car insurance kerala,"""bajaj allianz health insurance premium payment""",[allianz general insurance]
[bajaj allianz travel medical insurance],[online bike insurance kaise kare],[bajaj allianz motor insurance],"""bajaj allianz health insurance premium""",[general insurance company]
worldwide travel insurance for over 65,[bajaj 2 wheeler insurance],best four wheeler insurance in india,"""bajaj allianz health insurance top up plan""",[best insurance policies]
[bajaj allianz health insurance for international students],online insurance for bike,best car insurance policy in india,"""bajaj allianz health Insurance""",[bajaj allianz near me]
"""bajaj travel health insurance""",online policy for two wheeler,car bima,"""bajaj allianz health policy""",[bajaj premium payment]
[bajaj allianz overseas medical insurance],[bajaj two wheeler policy],car insurance in bangalore,"""bajaj allianz health""",[icici lombard general insurance co ltd]
"""bajaj student travel insurance""",[activa insurance online],best auto insurance companies,"""bajaj allianz individual health guard""",[sbi general]
[bajaj allianz travel],price for bike insurance,four wheeler insurance online,"""bajaj allianz maternity policy""",[bajaj general insurance company]
[allianz health insurance travel],bike insurance quote online,online car insurance quote,"""bajaj allianz medical insurance policy""",[good insurance companies]
travel insurance for long trips abroad,[online bike kaise kharide],auto insurance policy comparison,"""bajaj allianz medical insurance premium""",[iffco tokio co in]
[allianz travel insurance india],bike insurance kaise kare,online auto insurance quotes,"""bajaj allianz medical insurance""",[go digit general insurance review]
[travel insurance bajaj],[honda activa insurance],rate of insurance for car,"""bajaj allianz medical""",[bajaj allianz insurance company]
[bajaj allianz travel insurance rates],[bajaj bike insurance online],insurance cost of new car,"""bajaj allianz mediclaim insurance policy""",[bajaj allianz general]
[bajaj allianz travel elite],online bike insurance company,[bajaj vehicle insurance],"""bajaj allianz mediclaim insurance""",[best insurance]
worldwide multi trip travel insurance,zero dep bike insurance,online insurance for new car,"""bajaj allianz mediclaim premium calculator""",[www coverfox]
[bajaj allianz travel insurance germany],"""bajaj bike insurance""",online car insurance rates,"""bajaj allianz mediclaim premium""",[bajaj allianz general insurance co ltd]
[travel insurance allianz],[bike insurance kaise karen],car insurance ratings india,"""bajaj allianz mediclaim""",[bajaj allianz online payment]
[bajaj allianz overseas health insurance],[royal enfield classic 350 insurance price],online motor insurance,"""bajaj allianz senior citizen health insurance""",[bajajallianz general insurance]
[bajaj allianz travel insurance india],[bike ka insurance kaise karen],types of car insurance in india,"""bajaj allianz silver health insurance""",[best insurance companies]
travel insurance for germany,apply for bike insurance online,instant car insurance online,"""bajaj allianz silver health plan""",[renew your policy]
[bajaj allianz travel health insurance for germany],[bike insurance check kaise kare],full cover car insurance,"""bajaj allianz silver health""",[new india general insurance]
[bajaj travel insurance policy],[royal enfield classic 350 insurance],top car insurance providers,"""bajaj allianz super top up health insurance""",[new india insurance company limited]
"""allianz travel insurance india""",vehicle insurance two wheeler online,four wheeler insurance price,"""bajaj allianz super top up""",[tata aig online policy renewal]
my travel insurance,"""bajaj motorcycle insurance""",buy car policy online,"""bajaj allianz top up plan""",[zero dep insurance policy]
"""bajaj allianz schengen travel insurance""",two wheeler insurance comparison,car insurance online premium calculator,"""bajaj family health insurance""",[iffco tokio general insurance renewal]
"""bajaj allianz student travel insurance""",[bike ka online insurance kaise kare],new insurance policy for car,"""bajaj health and wellness""",[general insurance premium calculator]
[bajaj insurance travel],[two wheeler insurance online kaise kare],no depreciation car insurance,"""bajaj health guard""",[general insurance in india]
"""bajaj allianz overseas health insurance""",[bajaj motorcycle insurance],"""bajaj motor insurance""","""bajaj health insurance calculator""",[newindia co in policy]
[allianz international travel insurance],bike insurance quotation,[bajaj allianz vehicle insurance],"""bajaj health insurance for senior citizens""",[sbi general insurance co ltd]
[icici lombard travel insurance],two wheeler insurance lowest price,online car insurance quote calculator,"""bajaj health insurance online payment""",[top general insurance companies in india]
cheap worldwide travel insurance,new bike insurance online,vehicle insurance check india,"""bajaj health insurance plan""",[best policy plan]
"""bajaj allianz travel insurance usa""",insurance policy two wheeler online,full car insurance,"""bajaj health insurance plans""",[future generali india insurance company]
[bajaj allianz travel insurance quote],[splendor bike insurance],"""allianz car insurance""","""bajaj health insurance premium calculator""",[top up policy]
"""bajaj allianz overseas travel insurance""",[bike ka insurance kaise check karen],pay vehicle insurance,"""bajaj health insurance premium""",[bajaj allianz policy]
"""allianz international travel insurance""",[activa scooty insurance],"""bajaj auto insurance""","""bajaj health insurance""",[best general insurance company in india]
"""bajaj allianz travel health insurance for germany""",[bike insurance bajaj allianz],[bajaj auto insurance],"""bajaj health insurence""",[hdfc ergo policy renewal]
[bajaj allianz travel insurance canada],two wheeler insurance policy,instant car insurance,"""bajaj health plans""",[online bajaj allianz payment]
"""bajaj allianz travel elite""",cheapest two wheeler insurance online,transfer of vehicle insurance,"""bajaj health policy""",[national general insurance]
[bajaj allianz travel insurance australia],bike insurance online calculator,[bajaj allianz general car insurance],"""bajaj heath insurance""",[top ten insurance company in india]
"""bajaj allianz travel insurance for schengen visa""",best two wheeler insurance in india,[bajaj allianz car insurance near me],"""bajaj helth insurance""",[www go digit com]
"""bajaj allianz travel insurance plan""",two wheeler bima,four wheeler insurance india,"""bajaj insurance health""",[kotak mahindra general insurance]
"""bajaj allianz travel insurance canada""",bike insurance lowest price,[car insurance bajaj],"""bajaj medical insurance plans""",[icici lombard insurance policy]
"""allianz health insurance travel""",[bike insurance kaise nikale],best auto insurance online,"""bajaj medical insurance policy""",[hdfc insurance plan]
"""bajaj allianz senior citizen travel insurance""",[activa 5g insurance],four vehicle insurance,"""bajaj medical insurance""",[general insurance allianz]
"""bajaj allianz travel policy""",0 depth bike insurance,[car insurance bajaj allianz],"""bajaj medical policy""",[new india insurance online]
"""bajaj allianz travel insurance australia""","""bajaj insurance for bike""",4 wheeler insurance quote,"""bajaj mediclaim insurance policy""",[best insurance companies in india]
"""international travel insurance bajaj allianz""",[bike insurance kaise],[bajaj motor insurance policy],"""bajaj mediclaim plan""",[allianz bajaj general insurance]
"""bajaj allianz travel insurance germany""",[apni bike ka insurance kaise check kare],apply for car insurance,"""bajaj mediclaim""",[general bajajallianz com]
worldwide business travel insurance,two wheeler insurance near me,"""bajaj vehicle insurance""","""bajaj senior citizen health insurance""",[best insurance plan]
[bajaj allianz overseas travel insurance online],buy two wheeler policy,vehicle insurance online payment,"""bajaj silver health""",[bajaj allianz online policy]
"""buy bajaj allianz travel insurance online""",[insurance bike ka kaise kare],cheap auto insurance,"""bajajallianz health insurance""",[buy insurance policy]
"""allianz travel insurance italy""",buy online two wheeler insurance policy,4 wheeler car insurance,"""buy allianz health insurance""",[new india assurance near me]
"""bajaj allianz travel insurance india""",[splendor insurance],"""car insurance bajaj""","""health bajajallianz co in""",[tata aig india]
"""bajaj travel insurance policy""",two wheeler insurance calculator india,compare 4 wheeler insurance,"""health care supreme bajaj""",[chola ms general insurance company]
"""bajaj allianz overseas travel insurance india""",[bike ka bima kaise check kare],temporary car insurance india,"""health insurance bajaj""",[the new india insurance company]
"""bajaj allianz travel health insurance""",[honda bike insurance],best new car insurance in india,"""medical insurance bajaj""",[allianz bajaj insurance]
"""bajaj allianz travel insurance rates""",bike insurance 0 depreciation,car insurance low price,[2 lakh health insurance],[best insurance price]
,"""bajaj two wheeler policy""",four wheeler insurance cost,[affordable care health insurance],[general insurance company list in india]
,bike insurance 1 year,[bajaj auto insurance online],[affordable individual health insurance plans],[bajaj allianz general insurance online]
,[honda dio insurance],best vehicle insurance company in india,[allianz family health insurance],[bajaj allianz online premium]
,online bike insurance price,"""motor insurance bajaj""",[allianz group health insurance],[go digit general insurance policy check]
,[scooty ka insurance kaise kare],[bajaj allianz car insurance policy details],[allianz health insurance cashless],[allianz insurance company]
,"""bajaj two wheeler insurance""",car insurance for 3 years,[allianz health insurance india],[bajaj allianz insurance payment online]
,[yamaha bike insurance],comprehensive car insurance online,[apply for affordable health insurance],[top 10 insurance company]
,[scooter insurance kaise kare],insurance for new vehicle,[baby health insurance plans],[insurance comparison]
,new bike insurance policy,[bajaj allianz car insurance policy],[bajaj alianz health],[https www bajajallianz com general insurance]
,two wheeler vehicle insurance policy,[bajaj allianz motor insurance policy],[bajaj alliance health insurance],[bajaj insurance plan]
,[royal enfield bullet 350 insurance],four vehicle insurance online,[bajaj alliance health],[bajaj allianz general insurance company ltd]
,[bike insurance kaise check karen],"""bajaj allianz car insurance helpline""",[bajaj allianz corporate health insurance],[universal sompo general]
,[bike insurance online bajaj],[bajaj car insurance online],[bajaj allianz extra care plus],[future generali total insurance solutions]
,two wheeler insurance for expired policy,buy vehicle insurance online,[bajaj allianz family care first],[pmjjby policy]
,[baik insurans kaise kare],car insurance in delhi,[bajaj allianz family floater health guard premium],[bajaj allianz insurance plans]
,bike insurance premium calculator,best four wheeler insurance,[bajaj allianz family floater health guard],[cigna ttk insurance]
,[bike insurance kaise karte hain],car insurance low cost,[bajaj allianz family floater health],[super top up plan]
,cheap and best bike insurance,car insurance check online india,[bajaj allianz family floater],[general insurance india]
,[bajaj pulsar insurance],my vehicle insurance details,[bajaj allianz family health care gold],[national insurance company online]
,[bike ka insurance online kaise kare],[bajaj allianz comprehensive car insurance],[bajaj allianz general health insurance],[the best insurance]
,"""insurance bike bajaj""",buy 4 wheeler insurance online,[bajaj allianz general insurance health guard],[reliance general insurance online]
,[bajaj allianz two wheeler insurance price],auto insurance rates,[bajaj allianz group health insurance],[bajaj online payment]
,[motorcycle ka insurance kaise check karen],best 4 wheeler insurance,[bajaj allianz health care],[godigit com]
,[apni bike ka insurance kaise check karen],get vehicle insurance online,[bajaj allianz health ensure policy],[bajaj allianz general insurance online payment]
,[bike ka insurance renew kaise kare],4 wheeler insurance company,[bajaj allianz health ensure],[iffco tokio insurance company]
,[honda 2 wheeler insurance],4 wheeler insurance price,[bajaj allianz health guard floater policy],[tata aig insurance online]
,[bike ka bima kaise kare],[bajaj vehicle insurance online],[bajaj allianz health guard gold plan],[pnb insurance company]
,0 dep bike insurance,[bajaj car insurance near me],[bajaj allianz health guard individual policy],[online general insurance]
,[access 125 insurance],car insurance at lowest price,[bajaj allianz health guard individual],[buy general insurance online]
,bike insurance for 5 years,cheapest vehicle insurance in india,[bajaj allianz health guard plan],[united india general insurance]
,[bajaj allianz two wheeler policy],car insurance depreciation,[bajaj allianz health guard policy],[sbi general insurance online]
,[hf deluxe bike insurance],cashless insurance for car,[bajaj allianz health guard premium calculator],[best insurance in india]
,bike insurance 3 years,car insurance bumper to bumper,[bajaj allianz health guard premium],[national insurance company policy]
,[two wheeler activa insurance],four wheeler insurance quote,[bajaj allianz health guard],[top insurance plans in india]
,[hero bike insurance],second hand car insurance,[bajaj allianz health insurance buy],[general insurance company list]
,[honda shine insurance price],[bajaj insurance car],[bajaj allianz health insurance calculator],[adithya insurance]
,policy for two wheeler,"""bajaj allianz auto insurance""",[bajaj allianz health insurance cashless],[cheap insurance policy]
,buy new bike insurance online,buy auto insurance online,[bajaj allianz health insurance company],[top 10 insurance company in india]
,"""bike insurance bajaj allianz""","""bajaj commercial vehicle insurance""",[bajaj allianz health insurance coverage],[aditya birla insurance policy]
,"""bike insurance online bajaj allianz""",online car policy,[bajaj allianz health insurance extra care plus],[hdfc online insurance]
,[bajaj allianz two wheeler],"""bajaj allianz motor insurance""",[bajaj allianz health insurance family floater],[bajaj online insurance]
,[hero splendor plus insurance],4 wheeler insurance calculator,[bajaj allianz health insurance for diabetics],[general bajaj allianz]
,[yamaha r15 insurance],[bajaj insurance motor],[bajaj allianz health insurance for parents],[future generalli]
,[hero super splendor insurance],[bajaj online car insurance],[bajaj allianz health insurance for senior citizens],[new india insurance website]
,[honda bike insurance online],car insurance online now,[bajaj allianz health insurance network hospital],[hdfc ergo website]
,best insurance policy for two wheeler,[bajaj allianz auto insurance],[bajaj allianz health insurance online payment],[bajaj allianz general insurance ltd]
,[online bike insurance kaise karen],depreciation cover car insurance,[bajaj allianz health insurance online],[insurance companies india]
,"""bajaj allianz general insurance bike""",car bima online,[bajaj allianz health insurance payment],[the general insurace]
,two wheeler insurance online cheapest,car insurance,[bajaj allianz health insurance plan],[top insurance plans]
,[bike insurance kaise hota hai],online vehicle policy,[bajaj allianz health insurance plans for family],[aig general insurance]
,[ktm motorbike insurance],4 wheeler insurance rates,[bajaj allianz health insurance plans],[hdfc ergo insurance policy]
,[bajaj alliance bike insurance],"""bajaj allianz motor""",[bajaj allianz health insurance policy],[royal sundaram alliance]
,[bike ka insurance kaise nikale online],[bajaj allianz insurance car],[bajaj allianz health insurance premium calculator],[new india general insurance company]
,[motorcycle insurance online kaise kare],types of car insurance policy in india,[bajaj allianz health insurance premium payment],[general insurance bajaj allianz]
,[pulsar bike insurance],[bajaj four wheeler insurance],[bajaj allianz health insurance premium],[wc policy]
,buy new insurance for bike,[bajaj allianz car insurance check],[bajaj allianz health insurance silver plan],[liberty videocon general insurance company]
,[best insurance for activa],cheap vehicle insurance,[bajaj allianz health insurance top up plan],[bajaj allianz website]
,two wheeler third party,car insurance in hyderabad,[bajaj allianz health insurance top up],[bajaj insurance online]
,[passion pro bike insurance],one year insurance for car,[bajaj allianz health insurance],[hdfc ergo general]
,[splendor plus insurance],[bajaj allianz car insurance online],[bajaj allianz health policy],[top ten insurance company]
,"""bajaj bike insurance online""",best car insurance provider in india,[bajaj allianz health],[iffco tokio insurance policy]
,[yamaha r15 insurance price],which car insurance to buy,[bajaj allianz individual health guard],[national insurance company of india]
,[scooty ka insurance kaise check kare],car insurance tamil nadu,[bajaj allianz international health insurance],[tata aig plan]
,lowest premium bike insurance,"""bajaj allianz car insurence""",[bajaj allianz medical insurance plans],[chola mandalam insurance]
,[suzuki access 125 insurance price],[bajaj allianz car],[bajaj allianz medical insurance policy],[best general insurance]
,[bike ka insurance kaise],"""bajaj motor vehicle insurance""",[bajaj allianz medical insurance premium],[chola insurance online]
,[hf deluxe insurance],[bajaj allianz car policy],[bajaj allianz medical insurance],[arogya sanjeevani policy]
,[bike insurance renew kaise kare online],4 wheeler car insurance price,[bajaj allianz medical policy],[hdfc policy plan]
,[motorcycle ka insurance kaise kare],get vehicle insurance quotes,[bajaj allianz medical],[bajaj allianz premium]
,[pulsar 150 bike insurance],four wheeler insurance comparison,[bajaj allianz mediclaim form],[bajaj allianz quote]
,[hero splendor insurance],"""bajaj insurance car""",[bajaj allianz mediclaim insurance policy],[top rated insurance companies]
,[bajaj two wheeler insurance online],lowest price car insurance in india,[bajaj allianz mediclaim policy],[max bupa insurance]
,[apni bike ka insurance kaise karen],[bajaj allianz car insurance price],[bajaj allianz mediclaim premium calculator],[bajaj allianz general insurance co in]
,pay two wheeler insurance online,[bajaj allianz car insurance helpline],[bajaj allianz mediclaim],[insurance online india]
,[bike ka insurance kaise pata karen],[bajaj allianz car insurance zero depreciation policy],[bajaj allianz silver health insurance],[reliance insurance india]
,cashless insurance for bike,[bajaj car insurence],[bajaj allianz silver health plan for senior citizens],[new insurance company]
,[bike ka insurance hai ki nahi kaise pata kare],"""bajaj insurance motor""",[bajaj allianz silver health plan],[tata aig online policy]
,two wheeler insurance premium calculator,car insurance in chennai,[bajaj allianz silver health],[icici lombard insurance renewal online]
,[motorcycle ka bima kaise karen],[bajaj allianz new car insurance],[bajaj allianz super top up health insurance],[the new india general insurance]
,"""two wheeler insurance online bajaj allianz""",insurance new car purchase,[bajaj allianz super top up],[renew my policy]
,[glamour bike insurance],buy car insurance online,[bajaj allianz top up health insurance],[insurance quote online]
,[suzuki access insurance],car insurance full coverage cost,[bajaj allianz top up plan],[universal shampoo general insurance]
,[yamaha fascino insurance],"""bajaj alliance motor insurance""",[bajaj family health insurance],[allianz bajaj]
,[two wheeler insurance kaise check kare],new four wheeler insurance,[bajaj health guard policy],[buy general insurance]
,[bajaj platina insurance],"""bajaj alliance vehicle insurance""",[bajaj health insurance calculator],[sbi general insurance company]
,[activa 3g insurance],"""bajaj allianz motor vehicle insurance""",[bajaj health insurance for senior citizens],[best online insurance]
,[online bike insurance kaise check karen],car insurance jaipur,[bajaj health insurance plan],[reliance insurance policy renewal]
,two wheeler vehicle insurance calculator,car insurance for 5 years,[bajaj health insurance plans for family],[iffco tokio renewal]
,two wheeler insurance for new vehicle,"""bajaj motor insurance online""",[bajaj health insurance plans],[united india insurance plans]
,[bike ka insurance kaise bhare],"""bajaj allianz vehicle insurance policy""",[bajaj health insurance policy],[cholamandalam insurance review]
,[two wheeler insurance kaise kare],"""online bajaj car insurance""",[bajaj health insurance premium calculator],[the best insurance policy]
,"""bajaj allianz bike insurance policy""",car insurance premium online,[bajaj health insurance premium],[arogya sanjeevani]
,[hero passion pro insurance price],"""bajaj car insurence""",[bajaj health insurance top up],[united general insurance]
,[tvs apache insurance],"""bajaj auto insurance online""",[bajaj health insurance],[www kotakgeneralinsurance]
,[honda activa 3g insurance],[bajaj allianz car insurance online payment],[bajaj health insurence],[online bajaj allianz]
,[hero passion pro insurance],car insurance chandigarh,[bajaj health plans],[tata aig gic]
,two wheeler insurance calculator,car insurance online india,[bajaj health policy],[iffco tokio insurance online]
,[bike ka insurance kaise pata kare],[bajaj 4 wheeler insurance],[bajaj helth],[bajaj allianz online insurance]
,two wheeler insurance rate,"""bajaj allianz insurance car""",[bajaj insurance health],[future generali insurance review]
,[online 2 wheeler insurance kaise kare],[bajaj car insurance price],[bajaj medical insurance plans],[tata aig insurance plans]
,[hero glamour insurance],"""car insurance bajaj allianz""",[bajaj medical insurance policy],[reliance general insurance online policy]
,[unicorn bike insurance],top 10 car insurance in india,[bajaj medical insurance],[new general insurance]
,[activa insurance policy],"""bajaj allianz motor insurance policy""",[bajaj medical policy],[icici lombard online policy]
,[bike ka insurance kaise banaen],[bajaj allianz four wheeler insurance],[bajaj mediclaim insurance policy],[top ten insurance companies]
,[apni bike ka insurance kaise kare],[bajaj car policy],[bajaj mediclaim insurance],[royal sundaram policy]
,[bike ka bima kaise karen],low car insurance rates,[bajaj mediclaim plan],[max bupa policy]
,[apache bike insurance],best car insurance in tamil nadu,[bajaj mediclaim policy],[best policy in india]
,[two wheeler ka insurance kaise karen],[allianz car insurance],[bajaj mediclaim premium],[universal sompo insurance review]
,[bike ensures kaise kare],"""vehicle insurance bajaj allianz""",[bajaj senior citizen health insurance],[bajaj allianz insurance quote]
,[honda cb shine insurance],[bajaj allianz online car insurance],[bajaj silver health],[bajaj allianz company]
,[hero hf deluxe insurance],online car insurance quotes india,[bajaj super top up],[digit insurance pune]
,[bajaj allianz 2 wheeler policy],car insurance today,[best cancer health insurance plan],[cholamandalam insurance chennai]
,two wheeler insurance cost,affordable car insurance rates,[best cheap health insurance plans],[the general com insurance]
,two wheeler insurance amount,"""bazaz allianz car insurance""",[best couples health insurance],[buy insurance india]
,[honda shine insurance],"""bajaj motor policy""",[best deal on health insurance],[general insurance premium]
,"""bajaj motorbike insurance""",short term car insurance india,[best family plan health insurance],[royal sundaram insurance chennai]
,[honda unicorn insurance price],[bajaj motor vehicle insurance],[best health care insurance],[insurance bajaj allianz]
,[hero maestro insurance],"""bajaj allianz motor insurance online""",[best health insurance cover],[general insurance quotes]
,best two wheeler vehicle insurance,"""bajaj car policy""",[best health insurance family floater],[bupa insurance india]
,[bike insurance online bajaj allianz],"""bajaj allianz car insurance cost""",[best health insurance family],[insurance coverage policy]
,[two wheeler ka insurance kaise kare],car bumper to bumper insurance,[best health insurance for children],[max bupa general insurance]
,cheapest two wheeler insurance policy,"""bajaj motor insurance policy""",[best health insurance for newborn],[max bupa india]
,[online bima kaise check karen],apply car insurance online,[best health insurance plan for married couple],[best rated insurance companies]
,[online bike ka insurance kaise karen],"""vehicle insurance bajaj""",[best health insurance plan for me],[hdfc ergo online]
,"""bajaj allianz two wheeler policy""",car insurance for brand new car,[best health insurance plan for young adults],[general insurance quote]
,cheapest bike insurance company,low cost vehicle insurance,[best health insurance policy in bangalore],[nic online insurance]
,two wheeler bike insurance third party,[bajajallianz car insurance],[best health insurance policy in kerala],[acko general insurance bangalore]
,[2 wheeler ka insurance kaise kare],insurance check on vehicle,[best health plan for senior citizens],[new india insurance premium]
,[yamaha insurance],new car insurance price in india,[best health plans for senior citizens],[sbi general insurance premium]
,best bike insurance plan,best 4 wheeler insurance in india,[best insurance plan for maternity],[tata general insurance policy]
,[suzuki bike insurance],[bajaj allianz 4 wheeler insurance],[best insurance policy for maternity],[general insurance free quote]
,[honda aviator insurance],"""bajaj allianze car insurance""",[best maternity coverage health insurance],[the general insurance quote]
,"""bajaj insurance two wheeler""","""baja auto insurance""",[best medical insurance with opd cover],[max bupa insurance plans]
,[honda activa 5g insurance],car insurance online apply,[best mediclaim policy company],[national insurance company limited kolkata]
,[bajaj ct 100 insurance],zero depreciation vehicle insurance,[best mediclaim policy with opd coverage],[united india insurance premium]
,[insurance for honda bike],"""bajaj allianz car insurance check""",[best personal health insurance plans],[top ten general insurance companies in india]
,[hero duet insurance],[bajaj insurance for car],[best place to buy health insurance online],[royal sundaram general insurance chennai]
,"""two wheeler insurance online bajaj""",buy car policy,[best private health insurance plans for families],[bupa company insurance]
,[royal enfield classic 500 insurance price],[bajaj allianz motor policy],[best senior health insurance],[new general insurance companies in india]
,"""bajajallianz two wheeler insurance""",four wheeler insurance premium,[best super top up health insurance plans],[hdfc ergo plan]
,[bike ka insurance kaise check kare online],[bajaj car insurance calculator],[best super top up health insurance],[general insurance online]
,[yamaha fz insurance],"""bajajallianz car insurance""",[best super top up plan],[tata aig insurance bangalore]
,[bajaj allianz general insurance two wheeler],"""bajaj car insurance price""",[best top up health insurance],[royal sundaram insurance renewal]
,[hero pleasure insurance],[online car insurance bajaj allianz],[buy best health insurance],[future generali online renewal]
,[maestro scooty insurance],"""bajaj allianz car insurance policy""",[buy health insurance online now],[national insurance premium payment]
,[insurance for activa],[car insurance policy bajaj allianz],[buy top up health insurance],[max bupa review]
,[bike ka insurance kaise karte hain],"""bajaj alianz car insurance""",[buying cheap health insurance],[max bupa premium payment]
,[two wheeler ka insurance kaise check kare],bumper to bumper car insurance calculator,[cancer health policy],[sompo insurance india]
,[online two wheeler insurance kaise kare],[vehicle insurance bajaj allianz],[cancer mediclaim policy],[biggest insurance companies]
,[honda activa insurance policy],"""bajaj allianz motor policy""",[cardiac care health insurance],[hdfc general insurance company limited]
,two wheeler insurance online for old vehicle,"""motor insurance bajaj allianz""",[cashless health insurance in kerala],[tata aig insurance chennai]
,[bike insurance kaise kare online first party],"""allianz motor insurance""",[cheap and good health insurance],[max bupa renewal payment]
,[activa ka insurance kaise kare],[bajaj allianz zero depreciation car insurance],[cheap family health insurance],[max bupa insurance review]
,[scooty ka insurance kaise karen],[bajaj car insurance quote],[cheap health insurance for family],[top 10 insurance companies]
,[tvs bike insurance],"""bajaj 4 wheeler insurance""",[cheap health insurance for senior citizens],[tata insurance online payment]
,[insurance bike bajaj],"""bajaj four wheeler insurance""",[cheap health insurance quotes],[max bupa company]
,"""bajaj allianz two wheeler vehicle insurance""",[bajaj allianz car insurance premium calculator],[cheap health insurance rates],[future generali policy]
,[bike ka insurance kaise karwaye],"""bajaj allianz four wheeler""",[cheapest health insurance for senior citizens],[hdfc ergo premium]
,[bajaj avenger insurance],"""bajaj allianz zero dep car insurance""",[check up without health insurance],[buy sbi general insurance]
,long term two wheeler insurance,[online bajaj allianz car insurance],[college health insurance plans],[royal sundaram general insurance policy]
,best policy for two wheeler,[bajaj allianz motor],[complete family health insurance],[universal sompo gic ltd]
,[bajaj allianz two wheeler insurance policy],"""bajaj alliance car insurance""",[comprehensive health insurance plan],[niva bupa website]
,bike insurance price third party,[bajaj allianz vehicle insurance online payment],[critical care health insurance],[royal sundaram insurance bangalore]
,[vespa insurance],[motor insurance bajaj allianz],[dental and health insurance quotes],[max bupa top up plan]
,[avenger bike insurance],"""bajaj allianz car policy""",[emergency health insurance coverage],[max bupa plans]
,[two wheeler insurance online bajaj allianz],online insurance of car,[enroll health insurance],[tata aig insurance company ltd]
,[honda activa insurance premium calculator],[bajaj allianze car insurance],[extra care plus bajaj allianz],[oriental insurance india]
,[motorcycle ka insurance kaise karen],[allianz motor insurance],[extra care plus policy],[insurance companies us]
,"""bajaj allianz two wheeler insurance online""",insurance car india,[family health insurance cover],[top five insurance company in india]
,[cb shine insurance price],car insurance price list india,[family health insurance plans with maternity],[tata aig mumbai]
,compare two wheeler policy,[bajaj alliance motor insurance],[family health insurance premiums],[royal sundaram premium payment]
,[vespa scooter insurance],"""bajaj allianz 4 wheeler insurance""",[family health insurance price],[ergo policy]
,[super splendor insurance],online insurance for 4 wheeler,[family health insurance quotes],[ttk insurance]
,[bajaj allianz 2 wheeler],insurance charges for new car,[family health policy plans],[cigna insurance plans]
,[motorcycle ka bima kaise check kare],"""bajaj car insurance calculator""",[floater health insurance policy],[10 best insurance companies]
,bike general insurance,"""bajaj allianz car insurance premium calculator""",[full body checkup insurance],[hdfc insurance premium]
,[bike ka insurance kaise banta hai],"""bajaj allianz car insurance online payment""",[full body checkup star health insurance],[online insurance plan]
,[two wheeler insurance kaise karen],"""bajaj vehicle insurance online""",[full coverage family health insurance],[best group insurance plans]
,[bajaj insurance 2 wheeler],[bajaj aliance car insurance],[full coverage health insurance],[the general free quote]
,[ghar baithe bike ka insurance kaise kare],[bajaj allianz zero dep car insurance],[general health insurance policy],[max bupa premium]
,[bajaj 2 wheeler insurance online],car insurance price in west bengal,[get health insurance online now],[universal sompo tpa]
,[bajaj allianz general insurance bike],[car insurance online bajaj],[get health insurance quote online],[general insurance quote online]
,"""bajaj allianz motorcycle insurance""",insurance for new car purchase,[great health insurance plans],
,[bike ka insurance kaise dekhen],[motor insurance bajaj],[hdfc ergo health check up],
,get two wheeler insurance,"""vehicle insurance online bajaj allianz""",[hdfc ergo opd cover],
,buy two wheeler insurance policy,"""bajaj car insurance online""",[hdfc ergo optima restore health checkup],
,[suzuki access 125 insurance],"""bajaj allianz car insurance zero depreciation""",[health bajajallianz co in],
,[two wheeler insurance kaise nikale],[bajaj allianz motor vehicle insurance],[health care insurance for seniors],
,"""bajaj allianz two wheeler insurance policy""",[bajaj allianz motor insurance quote],[health care insurance near me],
,[bajaj discover insurance],[baja car insurance],[health care supreme bajaj],
,[old bike ka insurance kaise kare],[vehicle insurance online bajaj allianz],[health checkup for health insurance],
,[bike ka insurance online kaise karen],"""bajaj online car insurance""",[health checkup insurance],
,[new bike ka insurance kaise kare],"""bajaj car insurance near me""",[health coverage for all],
,[motorcycle insurance kaise check karen],[zero depreciation car insurance bajaj allianz],[health ensure bajaj allianz],
,[first party insurance kaise kare],[insurance zero depreciation],[health guard bajaj allianz],
,two wheeler insurance low price,monthly car insurance india,[health insurance accident],
,"""bajaj allianz motor bike insurance""","""bajaj allianz car insurance online premium payment""",[health insurance bajaj allianz],
,two wheeler general insurance,"""allianz auto insurance""",[health insurance child],
,[bajaj allianz two wheeler vehicle insurance],"""car insurance policy bajaj allianz""",[health insurance comprehensive],
,[online bike insurance bajaj allianz],"""bajaj allianz online car insurance""",[health insurance couple],
,[hero splendor insurance price],"""bajaj allianz vehicle insurance online payment""",[health insurance cover opd charges],
,new two wheeler insurance,"""baja car insurance""",[health insurance cover physiotherapy],
,"""bajaj allianz two wheeler insurance premium calculator""","""bajaj aliance car insurance""",[health insurance coverage for cancer patients],
,[tata aig two wheeler insurance],"""bajaj allianz auto insurance quote""",[health insurance fertility coverage],
,[hdfc ergo bike insurance],"""zero depreciation car insurance bajaj allianz""",[health insurance floater policy],
,[bajaj allianz bike insurance policy],"""bajaj allianz car insurance bangalore""",[health insurance for 18 year old],
,"""bajaj allianz general insurance two wheeler""",[allianz vehicle insurance],[health insurance for 3 months],
,[hdfc ergo two wheeler insurance],"""bajaj allianz zero depreciation car insurance""",[health insurance for 6 months],
,[two wheeler insurance online bajaj],[bajaj allianz car insurance premium],[health insurance for a baby],
,[bajaj bike insurance policy],[baja auto insurance],[health insurance for accidents],
,[bike online insurance kaise kare],"""bajaj allianz four wheeler insurance""",[health insurance for babies],
,,[bajaj allianz car insurance hyderabad],[health insurance for baby],
,,[bajaj allianz car insurance calculator],[health insurance for dependent parents],
,,"""bajaj allianz car insurance zero depreciation policy""",[health insurance for disabled],
,,"""bajaj allianz motor insurance quote""",[health insurance for family of 4],
,,check vehicle insurance status online,[health insurance for kidney patients],
,,"""bajaj allianz comprehensive car insurance""",[health insurance for mother and child],
,,"""allianz motor insurance online""",[health insurance for mother],
,,take car insurance online,[health insurance for newborn babies],
,,[bajaj insurance car insurance],[health insurance for one month],
,,[bajaj allianz car insurance cost],[health insurance for one person],
,,[bajaj allianz car insurance quote],[health insurance for single parent],
,,[vehicle insurance bajaj],[health insurance for spouse],
,,"""bajaj allianz four wheeler insurance online""",[health insurance for unemployed person],
,,premium calculator for vehicle insurance,[health insurance for women],
,,[bajaj alliance car insurance],[health insurance full body checkup],
,,[online bajaj car insurance],[health insurance in pregnancy],
,,transfer of car insurance,[health insurance in pune],
,,[bajaj allianz vehicle insurance online],[health insurance in tamil nadu],
,,[online car insurance bajaj],[health insurance instant coverage],
,,"""car insurance online bajaj allianz""",[health insurance monthly plan],
,,"""bajaj allianz car insurance india""",[health insurance on line],
,,[allianz car insurance india],[health insurance online application],
,,[bazaz allianz car insurance],[health insurance per month one person],
,,[bajaj insurance vehicle],[health insurance plan for child],
,,,[health insurance plan for families],
,,,[health insurance plan for pregnancy],
,,,[health insurance plan prices],
,,,[health insurance plan quotes],
,,,[health insurance plan with opd cover],
,,,[health insurance plan year],
,,,[health insurance plans bajaj allianz],
,,,[health insurance plans for 18 year olds],
,,,[health insurance plans for employees],
,,,[health insurance policy plans],
,,,[health insurance policy with opd cover],
,,,[health insurance quotation],
,,,[health insurance quote online],
,,,[health insurance ranchi],
,,,[health insurance registration form],
,,,[health insurance schemes in kerala],
,,,[health insurance that covers opd],
,,,[health insurance treatment],
,,,[health insurance which covers opd expenses],
,,,[health insurance with annual health checkup],
,,,[health insurance with maternity cover],
,,,[health insurance yearly],
,,,[health insurence policy],
,,,[health medisure super top up],
,,,[health plus health insurance],
,,,[health policy plan],
,,,[health policy with opd cover],
,,,[health super top up plan],
,,,[health top up plan],
,,,[hospital cash insurance policy],
,,,[hospital cash plan],
,,,[icici lombard health check up],
,,,[icici lombard health insurance medical check up],
,,,[icici lombard health insurance opd coverage],
,,,[icici lombard opd cover],
,,,[insurance annual checkup],
,,,[insurance cover medical check up],
,,,[insurance for expecting mothers],
,,,[kids health insurance plans],
,,,[lowest premium health insurance],
,,,[lowest price for health insurance],
,,,[manipalcigna free health checkup],
,,,[maternity care health insurance],
,,,[maternity cover health insurance],
,,,[maternity insurance policy],
,,,[max bupa opd cover],
,,,[medical check up insurance],
,,,[medical health checkup 80d],
,,,[medical insurance bajaj allianz],
,,,[medical insurance bajaj],
,,,[medical insurance that covers opd expenses],
,,,[medical insurance top up policy],
,,,[medical insurance with opd cover],
,,,[medical policy with opd coverage],
,,,[medical top up plan],
,,,[mediclaim policy bajaj allianz],
,,,[mediclaim policy with opd coverage],
,,,[mediclaim pregnancy],
,,,[mediclaim top up plan],
,,,[mediclaim with opd cover],
,,,[minimum coverage health insurance],
,,,[minimum premium health insurance],
,,,[monthly health insurance],
,,,[monthly payment for health insurance],
,,,[new health insurance card],
,,,[new health policy],
,,,[opd benefit in health insurance],
,,,[opd charges covered in health insurance],
,,,[opd cover health insurance],
,,,[opd cover in star health insurance],
,,,[opd cover insurance],
,,,[opd expenses health insurance],
,,,[opd insurance cover],
,,,[opd insurance plans],
,,,[opd treatment insurance],
,,,[personal accident health insurance],
,,,[personal health insurance plan],
,,,[personal health insurance policies],
,,,[plans health insurance],
,,,[pregnancy cover health insurance policy],
,,,[pregnancy cover health insurance],
,,,[preventive health check up 80d],
,,,[preventive medical check up 80d],
,,,[private health insurance for cancer patients],
,,,[private health insurance for seniors],
,,,[private health insurance for singles],
,,,[self employed family health insurance],
,,,[senior citizen top up health insurance],
,,,[senior health insurance plan],
,,,[short term health insurance policies],
,,,[single person health insurance],
,,,[star health check up],
,,,[star health free check up],
,,,[star health free health check up],
,,,[star health insurance free health check up],
,,,[star health insurance full body checkup],
,,,[star health insurance medical check up],
,,,[star health insurance opd coverage],
,,,[star health medical check up],
,,,[star health term plan],
,,,[super top up for senior citizens],
,,,[super top up health insurance for senior citizens],
,,,[super top up health insurance],
,,,[super top up health policy],
,,,[super top up insurance],
,,,[super top up medical insurance],
,,,[super top up mediclaim],
,,,[super top up plans premium chart],
,,,[super top up policy],
,,,[tata aig health checkup],
,,,[the best and cheapest health insurance],
,,,[the best health insurance for pregnancy],
,,,[the children's health insurance program],
,,,[top 5 health insurance policy],
,,,[top best health insurance],
,,,[top cover health insurance],
,,,[top health insurance plans for family],
,,,[top up and super top up],
,,,[top up cover health insurance],
,,,[top up health insurance for senior citizens],
,,,[top up health insurance policy],
,,,[top up health insurance],
,,,[top up health policy],
,,,[top up in health insurance],
,,,[top up in medical insurance],
,,,[top up insurance plans],
,,,[top up insurance policy],
,,,[top up medical insurance plan],
,,,[top up medical insurance],
,,,[top up mediclaim],
,,,[women's health insurance plans],
,,,[www bajaj allianz health insurance],
,,,[yearly health insurance plans],
,,,80d medical insurance,
,,,affordable care health insurance,
,,,affordable health insurance,
,,,affordable health insurance in india,
,,,affordable health plans,
,,,apply for affordable health insurance,
,,,apply health insurance online,
,,,baby health insurance first 30 days,
,,,baby health insurance plans,
,,,best cancer insurance plans,
,,,best cashless health insurance,
,,,best cashless health insurance company in india,
,,,best cashless mediclaim policy for family in india,
,,,best cheap health insurance,
,,,best deal on health insurance,
,,,best family health insurance plans in india,
,,,best family insurance policy,
,,,best family medical insurance,
,,,best health insurance companies in india,
,,,best health insurance company,
,,,best health insurance company in kolkata,
,,,best health insurance for family in india,
,,,best health insurance for my parents,
,,,best health insurance for parents,
,,,best health insurance in chennai,
,,,best health insurance in india for family,
,,,best health insurance in india for parents,
,,,best health insurance in kerala,
,,,best health insurance individual plans,
,,,best health insurance plan with maternity coverage,
,,,best health insurance plans,
,,,best health insurance plans for parents,
,,,best health insurance plans for parents in india,
,,,best health insurance plans in india,
,,,best health insurance policies,
,,,best health insurance policy,
,,,best health insurance policy for family,
,,,best health insurance policy for parents,
,,,best health insurance policy for parents in india,
,,,best health insurance policy in india,
,,,best health insurance providers,
,,,best health insurance to buy,
,,,best health policy,
,,,best health policy for family,
,,,best health policy for parents in india,
,,,best helth insurance,
,,,best insurance plans in india,
,,,best insurance policy for parents,
,,,best maternity plan health insurance,
,,,best medical insurance,
,,,best medical insurance for family,
,,,best medical insurance in india,
,,,best medical policy for family,
,,,best medical policy for parents,
,,,best mediclaim company in india,
,,,best mediclaim plans,
,,,best mediclaim policy for family,
,,,best mediclaim policy for family in india,
,,,best mediclaim policy for parents,
,,,best mediclaim policy in india,
,,,best personal medical insurance plans,
,,,best place to buy health insurance online,
,,,best premium health insurance,
,,,buy best health insurance,
,,,buy health insurance,
,,,buy health insurance for family,
,,,buy health insurance for parents,
,,,buy health insurance for parents in india,
,,,buy health insurance in india,
,,,buy health insurance online coverage starting today,
,,,buy health insurance online now,
,,,buy health insurance policy,
,,,buy health insurance policy online,
,,,buy health policy online,
,,,buy individual health insurance,
,,,buy medical insurance online india,
,,,buy medical insurance plans,
,,,buy medical policy online,
,,,buy mediclaim insurance online,
,,,buy mediclaim policy,
,,,buy mediclaim policy online,
,,,buy online health insurance india,
,,,buy online health insurance policy,
,,,buy online medical insurance,
,,,buy personal health insurance,
,,,buy top up health insurance,
,,,buying cheap health insurance,
,,,cancer cover insurance,
,,,cancer cover policy,
,,,cancer insurance india,
,,,cancer insurance policy,
,,,cancer patient health insurance,
,,,cardiac care health insurance,
,,,cashless health insurance,
,,,cashless health insurance plans,
,,,cashless medical insurance,
,,,cashless medical policy,
,,,cheap health insurance,
,,,cheap health insurance quotes,
,,,cheapest family health insurance,
,,,cheapest health insurance in india,
,,,cheapest medical insurance,
,,,child health insurance india,
,,,child health policy,
,,,child medical insurance,
,,,child only medical insurance,
,,,compare health insurance companies,
,,,compare health insurance online,
,,,compare health insurance plans,
,,,compare health insurance plans online,
,,,comparison health insurance policies india,
,,,comprehensive medical insurance,
,,,critical illness insurance,
,,,family floater health insurance policy,
,,,family floater medical insurance,
,,,family floater mediclaim,
,,,family health insurance,
,,,family health insurance including parents,
,,,family health insurance plans,
,,,family health insurance policy,
,,,family medical insurance quote,
,,,full family health insurance,
,,,general health insurance policy,
,,,get health insurance,
,,,good medical insurance,
,,,health and wellness insurance,
,,,health family floater,
,,,health guard family floater,
,,,health insurance,
,,,health insurance accident,
,,,health insurance and medical insurance,
,,,health insurance best plan india,
,,,health insurance best plans,
,,,health insurance best rates,
,,,health insurance calculator,
,,,health insurance companies,
,,,health insurance companies comparison,
,,,health insurance compare,
,,,health insurance comparison,
,,,health insurance couple,
,,,health insurance cover physiotherapy,
,,,health insurance cover pregnancy india,
,,,health insurance coverage,
,,,health insurance coverage for cancer patients,
,,,health insurance coverage with maternity,
,,,health insurance family,
,,,health insurance fertility coverage,
,,,health insurance for a baby,
,,,health insurance for children,
,,,health insurance for kidney patients,
,,,health insurance for one month,
,,,health insurance for parents,
,,,health insurance for parents above 60,
,,,health insurance for parents above 60 in india,
,,,health insurance for parents in india,
,,,health insurance for senior citizens,
,,,health insurance in india,
,,,health insurance india,
,,,health insurance monthly premium,
,,,health insurance no waiting period,
,,,health insurance on emi,
,,,health insurance on line,
,,,health insurance online,
,,,health insurance online apply,
,,,health insurance plan for child,
,,,health insurance plan for parents,
,,,health insurance plan prices,
,,,health insurance plan quotes,
,,,health insurance plans,
,,,health insurance plans for employees,
,,,health insurance plans for family,
,,,health insurance plans in india,
,,,health insurance plans premium,
,,,health insurance plus,
,,,health insurance policies in india,
,,,health insurance policy,
,,,health insurance policy for maternity,
,,,health insurance policy for parents,
,,,health insurance policy for senior citizens,
,,,health insurance policy plans,
,,,health insurance policy with maternity benefits,
,,,health insurance premiums,
,,,health insurance scheme,
,,,health insurance that covers pregnancy,
,,,health insurance top up plan,
,,,health insurance treatment,
,,,health insurance with maternity cover,
,,,health insurance with opd,
,,,health insurance yearly cost,
,,,health insurence policy,
,,,health plans,
,,,health policies in india,
,,,health policy,
,,,health policy and planning,
,,,health policy for parents,
,,,health policy in india,
,,,health policy online,
,,,health policy premium,
,,,healthy kids insurance,
,,,india best health insurance company,
,,,individual health insurance,
,,,individual health insurances,
,,,infant health insurance,
,,,insurance for pre existing medical conditions,
,,,insurance for pregnancy in india,
,,,insurance for pregnant women,
,,,insurance health plans,
,,,insurance health policy india,
,,,insurance of health,
,,,insurance with medical conditions,
,,,kids health insurance,
,,,low price medical insurance,
,,,lowest health insurance,
,,,maternity coverage insurance,
,,,maternity health insurance plans,
,,,maternity insurance coverage,
,,,maternity insurance plans,
,,,maternity medical insurance,
,,,maternity mediclaim,
,,,maternity mediclaim policy,
,,,medical claim policy,
,,,medical family plan,
,,,medical health insurance,
,,,medical health insurance for senior citizens,
,,,medical health insurance plan,
,,,medical health insurance plans,
,,,medical health insurance plans in india,
,,,medical health insurance policy,
,,,medical insurance,
,,,medical insurance best,
,,,medical insurance check,
,,,medical insurance companies,
,,,medical insurance cover,
,,,medical insurance coverage,
,,,medical insurance for child,
,,,medical insurance for family,
,,,medical insurance india,
,,,medical insurance india for family,
,,,medical insurance kerala,
,,,medical insurance online,
,,,medical insurance online india,
,,,medical insurance plan for family,
,,,medical insurance plans,
,,,medical insurance policy plans,
,,,medical insurance pre existing,
,,,medical policies in india,
,,,medical policy,
,,,medical policy for family,
,,,mediclaim company,
,,,mediclaim for family,
,,,mediclaim for parents,
,,,mediclaim health insurance,
,,,mediclaim in india,
,,,mediclaim insurance,
,,,mediclaim insurance policy,
,,,mediclaim online,
,,,mediclaim plan,
,,,mediclaim plan for family,
,,,mediclaim policy,
,,,mediclaim policy for child,
,,,mediclaim policy for family,
,,,mediclaim policy for family in india,
,,,mediclaim policy in india,
,,,mediclaim policy premium,
,,,mediclaim premium,
,,,mediclaim under 80d,
,,,new born baby medical insurance,
,,,new health policy,
,,,new mediclaim policy,
,,,newborn medical insurance,
,,,online application for health insurance,
,,,online health insurance,
,,,online health insurance for family,
,,,online health insurance plan,
,,,online health insurance policy,
,,,online health policy,
,,,online medical insurance,
,,,personal accident health insurance,
,,,personal health insurance,
,,,personal health insurance india,
,,,personal health insurance policies,
,,,personal health insurance quote,
,,,personal medical insurance,
,,,plans health insurance,
,,,pregnancy insurance,
,,,premium comparison of health insurance,
,,,private health insurance online,
,,,private health insurance price,
,,,senior citizen insurance plan,
,,,single health insurance plans,
,,,the best health insurance,
,,,the best health insurance policy in india,
,,,top 10 health insurance plans in india,
,,,top 5 health insurance companies in india,
,,,top best health insurance,
,,,top cover health insurance,
,,,top health insurance policies in india,
,,,top medical insurance plans,
,,,top up health insurance policy,
,,,types of health insurance,
,,,which is best mediclaim policy for family,
,,,which is the best health insurance,
,,,which is the best health insurance company in india,
,,,yearly health insurance plans,
